Workbook

Sheet Escenarios
A1: ID | B1: Módulo | C1: Escenario | D1: Precondiciones | E1: Pasos | F1: Datos de prueba | G1: Resultado esperado | H1: Prioridad | I1: Responsable | J1: Estado | K1: Fecha prueba | L1: Evidencia | M1: Observaciones | N1: Incidencia asociada
A2: PF-001 | B2: Login y navegación | C2: Ingreso exitoso al sistema | D2: Sistema local disponible y credenciales de prueba autorizadas | E2: 1. Abrir URL local. 2. Ingresar usuario y contraseña. 3. Presionar Ingresar. | F2: Usuario de prueba entregado por canal autorizado | G2: El sistema permite ingresar y muestra menú principal. | H2: Alta | J2: Pendiente
A3: PF-002 | B3: Login y navegación | C3: Validación de credenciales incorrectas | D3: Sistema local disponible | E3: 1. Abrir URL local. 2. Ingresar credenciales incorrectas. 3. Presionar Ingresar. | F3: Usuario inválido o contraseña inválida | G3: El sistema rechaza el ingreso y muestra mensaje claro. | H3: Media | J3: Pendiente
A4: PF-003 | B4: Menú / navegación | C4: Visualización de menú principal | D4: Usuario autenticado | E4: 1. Iniciar sesión. 2. Revisar opciones del menú. 3. Ingresar a cada módulo habilitado. | F4: Usuario de prueba | G4: El menú carga y permite navegar a opciones autorizadas. | H4: Alta | J4: Pendiente
A5: PF-004 | B5: Cámaras de compensación | C5: Consultar cámaras disponibles | D5: Usuario autenticado | E5: 1. Ingresar a cámaras. 2. Revisar registros. 3. Validar ACH Colombia y CENIT. | F5: N/A | G5: Se visualizan las cámaras disponibles de forma clara. | H5: Alta | J5: Pendiente
A6: PF-005 | B6: Cámaras de compensación | C6: Validar separación funcional ACH Colombia / CENIT | D6: Cámaras cargadas | E6: 1. Revisar filtros o detalles por cámara. 2. Comparar información visible. | F6: ACH Colombia y CENIT | G6: La información se muestra separada y no se mezclan datos entre cámaras. | H6: Alta | J6: Pendiente
A7: PF-006 | B7: Entidades financieras | C7: Consultar entidad CFA y entidades externas | D7: Usuario autenticado | E7: 1. Ingresar a entidades financieras. 2. Buscar CFA. 3. Buscar una entidad externa de prueba. | F7: CFA Cooperativa Financiera y entidad externa de prueba | G7: Las entidades se consultan correctamente y se distinguen origen/destino según flujo. | H7: Media | J7: Pendiente
A8: PF-007 | B8: Entidades financieras | C8: Filtrar y ordenar entidades financieras | D8: Grilla de entidades disponible | E8: 1. Aplicar filtro por nombre. 2. Ordenar columnas. 3. Limpiar filtro. | F8: Texto: CFA o banco de prueba | G8: La grilla responde a filtros y ordenamientos sin error. | H8: Baja | J8: Pendiente
A9: PF-008 | B9: Ciclos ACH/CENIT | C9: Consultar ciclos CENIT | D9: Usuario autenticado | E9: 1. Ingresar a ciclos. 2. Filtrar por CENIT. 3. Revisar horarios y estado. | F9: CENIT | G9: Los ciclos CENIT se visualizan con datos claros y consistentes. | H9: Alta | J9: Pendiente
A10: PF-009 | B10: Ciclos ACH/CENIT | C10: Consultar ciclos ACH Colombia | D10: Usuario autenticado | E10: 1. Ingresar a ciclos. 2. Filtrar por ACH Colombia. 3. Revisar horarios y estado. | F10: ACH Colombia | G10: Los ciclos ACH Colombia se visualizan y no se confunden con CENIT. | H10: Media | J10: Pendiente
A11: PF-010 | B11: Configuración de ciclos | C11: Revisar configuración funcional de ciclos desde transacciones | D11: Usuario autenticado | E11: 1. Ingresar a Transacciones. 2. Abrir opción de configuración de ciclos. 3. Revisar columnas y datos. | F11: CENIT / ACH Colombia | G11: La pantalla carga, muestra datos y permite interpretar la configuración funcional. | H11: Alta | J11: Pendiente
A12: PF-011 | B12: Configuración de ciclos | C12: Filtrar configuración de ciclos por cámara | D12: Pantalla de configuración disponible | E12: 1. Aplicar filtro por cámara. 2. Revisar resultados. 3. Limpiar filtro. | F12: CENIT | G12: El filtro devuelve información relacionada con la cámara seleccionada. | H12: Alta | J12: Pendiente
A13: PF-012 | B13: Configuración de ciclos | C13: Validar mensajes en configuración incompleta | D13: Pantalla de configuración disponible | E13: 1. Intentar consultar o usar un registro incompleto si existe. 2. Registrar mensaje. | F13: Registro de prueba incompleto si está disponible | G13: El sistema muestra validación controlada o información comprensible. | H13: Media | J13: Pendiente
... A31: PF-030 | B31: Reporte de incidencias | C31: Registrar incidencia completa | D31: Se detectó un hallazgo | E31: 1. Abrir formato de incidencias. 2. Registrar módulo, pasos, esperado, obtenido y evidencia. 3. Asignar prioridad. | F31: Incidencia INC-001 | G31: La incidencia queda suficientemente documentada para análisis posterior. | H31: Alta | J31: Pendiente

Sheet Instrucciones
A1: Matriz de escenarios de prueba - ACH Interbank / CENIT
A2: Versión base: 2026-06-13
A4: Objetivo | B4: Registrar avance de pruebas funcionales locales para usuarios no técnicos.
A5: Uso | B5: Ejecutar los escenarios en orden, actualizar Estado, Fecha prueba, Evidencia, Observaciones e Incidencia asociada.
A6: Estados permitidos | B6: Pendiente, En ejecución, Exitoso, Fallido, Bloqueado, No aplica
A7: Prioridades | B7: Alta = bloquea o afecta flujo principal; Media = afecta parcialmente; Baja = visual/texto/mejora menor.
A8: Datos de prueba | B8: Usar referencias UAT-CENIT-001, UAT-ACH-001, valores pequeños y descripción PRUEBA FUNCIONAL LOCAL.
A9: Restricción | B9: No usar datos reales ni modificar base de datos, servicios, código o configuración técnica.
A10: Evidencia | B10: Guardar capturas con nombre claro, por ejemplo PF-015_creacion_transaccion.png.

Sheet Resumen
A1: Resumen de avance
A3: Estado | B3: Cantidad | D3: Módulo | E3: Total escenarios
A4: Pendiente | B4: =COUNTIF(Escenarios!$J:$J,A4) | D4: Login y navegación | E4: =COUNTIF(Escenarios!$B:$B,D4)
A5: En ejecución | B5: =COUNTIF(Escenarios!$J:$J,A5) | D5: Menú / navegación | E5: =COUNTIF(Escenarios!$B:$B,D5)
A6: Exitoso | B6: =COUNTIF(Escenarios!$J:$J,A6) | D6: Cámaras de compensación | E6: =COUNTIF(Escenarios!$B:$B,D6)
A7: Fallido | B7: =COUNTIF(Escenarios!$J:$J,A7) | D7: Entidades financieras | E7: =COUNTIF(Escenarios!$B:$B,D7)
A8: Bloqueado | B8: =COUNTIF(Escenarios!$J:$J,A8) | D8: Ciclos ACH/CENIT | E8: =COUNTIF(Escenarios!$B:$B,D8)
A9: No aplica | B9: =COUNTIF(Escenarios!$J:$J,A9) | D9: Configuración de ciclos | E9: =COUNTIF(Escenarios!$B:$B,D9)
D10: Transacciones | E10: =COUNTIF(Escenarios!$B:$B,D10)
D11: Acciones de grilla | E11: =COUNTIF(Escenarios!$B:$B,D11)
A12: Total escenarios | B12: =COUNTA(Escenarios!$A:$A)-1 | D12: Catálogos y causales | E12: =COUNTIF(Escenarios!$B:$B,D12)
A13: Avance exitoso | B13: =IF(B12=0,0,COUNTIF(Escenarios!$J:$J,"Exitoso")/B12) | D13: Perfiles por cámara | E13: =COUNTIF(Escenarios!$B:$B,D13)
A14: Pendientes/Bloqueados/Fallidos | B14: =SUM(COUNTIF(Escenarios!$J:$J,{"Pendiente","Bloqueado","Fallido"})) | D14: Devoluciones / rechazos | E14: =COUNTIF(Escenarios!$B:$B,D14)
D15: Reporte de incidencias | E15: =COUNTIF(Escenarios!$B:$B,D15)

Sheet Catálogos
A1: Estados permitidos | B1: Prioridades | C1: Módulos
A2: Pendiente | B2: Alta | C2: Login y navegación
A3: En ejecución | B3: Media | C3: Menú / navegación
A4: Exitoso | B4: Baja | C4: Cámaras de compensación
A5: Fallido | C5: Entidades financieras
A6: Bloqueado | C6: Ciclos ACH/CENIT
A7: No aplica | C7: Configuración de ciclos
C8: Transacciones
C9: Acciones de grilla
C10: Catálogos y causales
C11: Perfiles por cámara
C12: Devoluciones / rechazos
C13: Reporte de incidencias
